"Number of threads","time"
1,0.000540564
2,0.0032858
3,0.00870457
4,0.0105495
5,0.0191033
6,0.020357
7,0.0293602
8,0.0523778
