"Number of threads","time"
1,0.00111968
2,0.00418504
3,0.0064487
4,0.00952498
5,0.0112415
6,0.0154286
7,0.0206256
8,0.0811766
