"Number of threads","time"
1,0.000550241
2,0.00236653
3,0.00481983
4,0.00730534
5,0.00774013
6,0.0119674
7,0.0157574
8,0.0169761
